filename,quantity
G0015448.JPG,1
G0015457.JPG,1
G0015456.JPG,3
G0015455.JPG,1
G0015454.JPG,3
G0015453.JPG,1
G0015452.JPG,3
G0015451.JPG,3
G0015450.JPG,0
G0015449.JPG,2
G0015447.JPG,1
G0015446.JPG,0
G0015445.JPG,0
G0015444.JPG,0
G0015443.JPG,1
G0015442.JPG,1
G0015441.JPG,2
G0015440.JPG,1
G0015439.JPG,0
G0015438.JPG,0
G0015437.JPG,0
G0015436.JPG,0
G0015435.JPG,0
G0015434.JPG,0
G0015433.JPG,0
G0015432.JPG,0
G0015431.JPG,0
G0015430.JPG,0
G0015429.JPG,0
G0015428.JPG,0
G0015427.JPG,1
G0015426.JPG,0
G0015425.JPG,0
G0015424.JPG,0
G0015423.JPG,0
G0015422.JPG,0
G0015421.JPG,0
G0015420.JPG,0
G0015419.JPG,0
G0015418.JPG,0
G0015417.JPG,0
G0015416.JPG,0
G0015415.JPG,0
G0015414.JPG,0
G0015413.JPG,0
G0015412.JPG,0
G0015411.JPG,0
G0015410.JPG,1
G0015409.JPG,2
G0015408.JPG,0
G0015407.JPG,0
G0015406.JPG,1
G0015405.JPG,1
G0015404.JPG,0
G0015403.JPG,0
G0015402.JPG,0
G0015401.JPG,0
G0015400.JPG,0
G0015399.JPG,0
G0015398.JPG,0
G0015397.JPG,1
G0015396.JPG,1
G0015395.JPG,1
G0015394.JPG,3
G0015393.JPG,1
G0015392.JPG,1
G0015391.JPG,0
G0015390.JPG,0
G0015389.JPG,1
G0015388.JPG,1
G0015387.JPG,1
G0015386.JPG,1
G0015385.JPG,2
G0015384.JPG,0
G0015383.JPG,0
G0015382.JPG,0
G0015381.JPG,0
G0015380.JPG,0
G0015379.JPG,0
G0015378.JPG,0
G0015377.JPG,0
G0015376.JPG,0
G0015375.JPG,0
G0015374.JPG,0
G0015373.JPG,0
G0015372.JPG,1
G0015371.JPG,0
G0015370.JPG,1
G0015369.JPG,0
G0015368.JPG,1
G0015367.JPG,0
G0015366.JPG,0
G0015365.JPG,3
G0015364.JPG,1
G0015363.JPG,2
G0015362.JPG,0
G0015361.JPG,0
G0015360.JPG,0
G0015359.JPG,0
G0015358.JPG,0
G0015357.JPG,0
G0015356.JPG,0
G0015355.JPG,0
G0015354.JPG,0
G0015353.JPG,0
G0015352.JPG,0
G0015351.JPG,0
G0015350.JPG,0
G0015349.JPG,0
G0015348.JPG,0
G0015347.JPG,0
G0015346.JPG,0
G0015345.JPG,0
G0015344.JPG,0
G0015343.JPG,0
G0015342.JPG,0
G0015341.JPG,0
G0015340.JPG,0
G0015339.JPG,0
G0015338.JPG,0
G0015337.JPG,0
G0015336.JPG,0
G0015335.JPG,0
G0015334.JPG,0
G0015333.JPG,0
G0015332.JPG,0
G0015331.JPG,0
G0015330.JPG,0
G0015329.JPG,0
G0015328.JPG,0
G0015327.JPG,0
G0015326.JPG,1
G0015325.JPG,2
G0015324.JPG,1
G0015323.JPG,0
G0015322.JPG,2
G0015321.JPG,1
G0015320.JPG,0
G0015319.JPG,0
G0015318.JPG,0
G0015317.JPG,0
G0015316.JPG,0
G0015315.JPG,0
G0015314.JPG,0
G0015313.JPG,0
G0015312.JPG,0
G0015311.JPG,0
G0015310.JPG,0
G0015309.JPG,0
G0015308.JPG,0
G0015307.JPG,0
G0015306.JPG,0
G0015305.JPG,0
G0015304.JPG,1
G0015303.JPG,1
G0015302.JPG,1
G0015301.JPG,1
G0015300.JPG,1
G0015299.JPG,1
G0015298.JPG,0
G0015297.JPG,2
G0015296.JPG,0
G0015295.JPG,0
G0015294.JPG,0
G0015293.JPG,0
G0015292.JPG,0
G0015291.JPG,0
G0015290.JPG,0
G0015289.JPG,0
G0015288.JPG,0
G0015287.JPG,0
G0015286.JPG,0
G0015285.JPG,2
G0015284.JPG,0
G0015283.JPG,0
G0015282.JPG,0
G0015281.JPG,0
G0015280.JPG,0
G0015279.JPG,0
G0015278.JPG,0
G0015277.JPG,0
G0015276.JPG,0
G0015275.JPG,0
G0015274.JPG,0
G0015273.JPG,0
G0015272.JPG,0
G0015271.JPG,0
G0015270.JPG,0
G0015269.JPG,0
G0015268.JPG,0
G0015267.JPG,0
G0015266.JPG,0
G0015265.JPG,0
G0015264.JPG,0
G0015263.JPG,0
G0015262.JPG,0
G0015261.JPG,0
G0015260.JPG,0
G0015259.JPG,0
G0015258.JPG,0
G0015257.JPG,0
G0015256.JPG,0
G0015255.JPG,0
G0015254.JPG,0
G0015253.JPG,2
G0015252.JPG,0
G0015251.JPG,1
G0015250.JPG,0
G0015249.JPG,0
G0015248.JPG,1
G0015247.JPG,1
G0015246.JPG,0
G0015245.JPG,0
G0015244.JPG,0
G0015243.JPG,1
G0015242.JPG,1
G0015241.JPG,1
G0015240.JPG,0
G0015239.JPG,1
G0015238.JPG,0
G0015237.JPG,3
G0015236.JPG,3
G0015235.JPG,2
G0015234.JPG,2
G0015233.JPG,1
G0015232.JPG,1
G0015231.JPG,1
G0015230.JPG,2
G0015229.JPG,3
G0015228.JPG,0
G0015227.JPG,3
G0015226.JPG,0
G0015225.JPG,0
G0015224.JPG,0
G0015223.JPG,0
G0015222.JPG,0
G0015221.JPG,0
G0015220.JPG,0
G0015219.JPG,0
G0015218.JPG,0
G0015217.JPG,0
G0015216.JPG,0
G0015215.JPG,0
G0015214.JPG,1
G0015213.JPG,2
G0015212.JPG,0
G0015211.JPG,1
G0015210.JPG,0
G0015209.JPG,0
G0015208.JPG,0
G0015207.JPG,0
G0015206.JPG,0
G0015205.JPG,0
G0015204.JPG,0
G0015203.JPG,0
G0015202.JPG,0
G0015201.JPG,0
G0015200.JPG,0
G0015199.JPG,0
G0015198.JPG,0
G0015197.JPG,0
G0015196.JPG,0
G0015195.JPG,0
G0015194.JPG,0
G0015193.JPG,0
G0015192.JPG,0
G0015191.JPG,0
G0015190.JPG,0
G0015189.JPG,0
G0015188.JPG,0
G0015187.JPG,0
G0015186.JPG,0
G0015185.JPG,0
G0015184.JPG,0
G0015183.JPG,0
G0015182.JPG,0
G0015181.JPG,0
G0015180.JPG,0
G0015179.JPG,0
G0015178.JPG,0
G0015177.JPG,0
G0015176.JPG,0
G0015175.JPG,0
G0015174.JPG,0
G0015173.JPG,0
G0015172.JPG,0
G0015171.JPG,0
G0015170.JPG,0
G0015169.JPG,0
G0015168.JPG,0
G0015167.JPG,0
G0015166.JPG,0
G0015165.JPG,0
G0015164.JPG,0
G0015163.JPG,0
G0015162.JPG,0
G0015161.JPG,0
G0015160.JPG,0
G0015159.JPG,1
G0015158.JPG,1
